ts	phase	decision	why	evidence	result
2026-10-06T19:50:18Z	frame	Done means tsc is clean, Biome is clean, Vitest and both Node scripts pass, the Playwright mock gallery passes, and the Vite build keeps classic script tags while copying js into dist/js.	The gallery still runs as classic scripts, so a green compiler is not enough.	AGENTS.md	predicate stated
2026-10-06T19:50:19Z	scaffold	Added Vite, TypeScript with checkJs, Biome, Vitest, and Playwright before rewriting the API.	The later units need those checks to exist first.	package.json	tools installed
2026-10-06T19:50:20Z	design	Skipped a second design bakeoff.	The request already named Vite, checkJs, shared/, Hono, Zod, and Drizzle.	package.json	bakeoff skipped
2026-10-06T19:50:21Z	build	Vite copies js, styles.css, mirror.svg, and _headers into dist and leaves the script tags unbundled.	The pages talk through window in document order.	vite.config.mts:34	dist/index.html has 27 classic script tags and 0 type=module
2026-10-06T19:50:22Z	shared	One color palette lives in shared/colors.ts. Deleted js/photoColors.js and functions/_lib/colors.js. Pages load the generated bundle.	Callers and the old module should not both exist.	shared/colors.ts	bundle script passed
2026-10-06T19:50:23Z	api	One Pages Function mounts the Hono app. Deleted the per-route function files in the same change.	A second set of handlers would leave two APIs.	functions/api/[[route]].ts	13 Vitest tests passed
2026-10-06T19:50:24Z	schema	Drizzle photos columns mirror the SQL migrations. drizzle-kit is not used.	D1 already applies migrations/*.sql, so a second history would drift.	tests/unit/schema.test.ts	schema test passed
2026-10-06T19:50:25Z	types	The first gallery file under checkJs is js/galleryOrder.js, included from tsconfig.browser.json.	Converting the rest of js/ was not this task.	tsconfig.browser.json	browser tsc clean
2026-10-06T19:50:26Z	api	An unknown color query returns 400.	The old SQL matched nothing and looked like an empty gallery.	shared/query.ts:42	query test passed
2026-10-06T19:50:27Z	api	The image route calls executionCtx.waitUntil only when caches.default exists.	Reading executionCtx throws when Hono has no ExecutionContext, which the unit tests do not provide.	server/publicRoutes.ts:183	image test returned the stored bytes
2026-10-06T19:50:28Z	build	Did not set package.json type to module.	That flag would parse the classic scripts and build.js as ESM.	package.json	build and node scripts passed
2026-10-06T19:50:29Z	comments	Deleted the narration comments from the review and named the brown check darkWarmHueReadsAsBrown. The storage catch returns chrono itself.	The review said the comments were repeating the code, and the brown bounds needed a name.	shared/colors.ts	tsc, 13 Vitest tests, and Playwright passed after the edit
2026-10-06T19:50:30Z	prove	Re-ran typecheck, Biome, Vitest, both Node scripts, Playwright, and the Vite build on this checkout.	The predicate is the whole set, not one command.	package.json	TYPECHECK_OK, Biome clean, 13 tests, both scripts, Playwright 1 passed, Vite build copied classic scripts
2026-10-06T19:55:46Z	api	Supersedes 2026-10-06T19:50:26Z. GET /api/photos?color=navy returns HTTP 400. The earlier row only showed the shared parser.	The gallery should see an error, not an empty page.	tests/unit/api.test.ts	15 Vitest tests passed
2026-10-06T19:55:46Z	api	Supersedes 2026-10-06T19:50:27Z. A cache store without an ExecutionContext still returns the image bytes.	The Hono getter throws, so waitUntil is caught and the response is returned.	server/publicRoutes.ts:183	image cache test passed
2026-10-06T19:55:46Z	comments	Supersedes 2026-10-06T19:50:29Z. darkWarmHueReadsAsBrown is in shared/colors.ts. The chrono fallback is the catch in js/galleryOrder.js.	The earlier evidence named only the color file.	js/galleryOrder.js	browser tsc clean
2026-10-06T19:55:46Z	prove	Supersedes 2026-10-06T19:50:21Z and 2026-10-06T19:50:30Z. npm run build ends in scripts/verify-dist-scripts.mjs.	dist is gitignored, so the count has to be a script a reviewer can rerun.	scripts/verify-dist-scripts.mjs	printed dist classic scripts 27, module scripts 0
